insert into Plants (Name, PlantState, WaterAmount, CoolDown, DryValue, HumidValue) values ('Marinela',0,100,48,700,300)
insert into Plants (Name, PlantState, WaterAmount, CoolDown, DryValue, HumidValue) values ('Jon',1,1000,48,700,300)
insert into Plants (Name, PlantState, WaterAmount, CoolDown, DryValue, HumidValue) values ('Marcel',1,500,48,700,300)
insert into Plants (Name, PlantState, WaterAmount, CoolDown, DryValue, HumidValue) values ('Megaluza',0,450,48,700,300)
insert into Plants (Name, PlantState, WaterAmount, CoolDown, DryValue, HumidValue) values ('Alexandrina',1,700,48,700,300)

insert into Users (Mail, Pass) values ('mari@yahoo.com','maricica')
insert into Users (Mail, Pass) values ('lazea_alina@gmail.com','alynutza')
insert into Users (Mail, Pass) values ('nimeni.andreea@yahoo.com','andreiutza')
insert into Users (Mail, Pass) values ('maxim_ale@yahoo.com','aletaci')
insert into Users (Mail, Pass) values ('fluture_alexa@gmail.com','alexalove')

insert into Subscribes (MailSubscriber, PlantName) values ('mari@yahoo.com','Marinela')
insert into Subscribes (MailSubscriber, PlantName) values ('lazea_alina@gmail.com','Alexandrina')
insert into Subscribes (MailSubscriber, PlantName) values ('nimeni.andreea@yahoo.com','Marcel')
insert into Subscribes (MailSubscriber, PlantName) values ('maxim_ale@yahoo.com','Jon')
insert into Subscribes (MailSubscriber, PlantName) values ('fluture_alexa@gmail.com','Megaluza')

insert into History (PlantName, WateredOn) values ('Marinela','07/10/2014 10:05')
insert into History (PlantName, WateredOn) values ('Marinela','07/11/2014 8:05')
insert into History (PlantName, WateredOn) values ('Marinela','07/11/2014 18:05')
insert into History (PlantName, WateredOn) values ('Marinela','07/12/2014 13:05')
insert into History (PlantName, WateredOn) values ('Jon','07/09/2014 14:05')
insert into History (PlantName, WateredOn) values ('Jon','07/10/2014 18:25')
insert into History (PlantName, WateredOn) values ('Megaluza','07/13/2014 11:30')
insert into History (PlantName, WateredOn) values ('Alexandrina','07/09/2014 14:50')

GO
INSERT [dbo].[UserNotificationOptions] ([Mail], [IFrom], [ITo], [MailToggle], [DesktopToggle], [Interval]) VALUES (N'fluture_alexa@gmail.com', CAST(0x070010ACD1530000 AS Time), CAST(0x070050CFDF960000 AS Time), 1, 0, 3)
INSERT [dbo].[UserNotificationOptions] ([Mail], [IFrom], [ITo], [MailToggle], [DesktopToggle], [Interval]) VALUES (N'lazea_alina@gmail.com', CAST(0x0700E03495640000 AS Time), CAST(0x07002058A3A70000 AS Time), 0, 1, 2)
INSERT [dbo].[UserNotificationOptions] ([Mail], [IFrom], [ITo], [MailToggle], [DesktopToggle], [Interval]) VALUES (N'mari@yahoo.com', CAST(0x070040230E430000 AS Time), CAST(0x0700B0BD58750000 AS Time), 1, 1, 1)
INSERT [dbo].[UserNotificationOptions] ([Mail], [IFrom], [ITo], [MailToggle], [DesktopToggle], [Interval]) VALUES (N'maxim_ale@yahoo.com', CAST(0x070040230E430000 AS Time), CAST(0x07002058A3A70000 AS Time), 0, 1, 5)
INSERT [dbo].[UserNotificationOptions] ([Mail], [IFrom], [ITo], [MailToggle], [DesktopToggle], [Interval]) VALUES (N'nimeni.andreea@yahoo.com', CAST(0x070010ACD1530000 AS Time), CAST(0x07002058A3A70000 AS Time), 1, 1, 2)